{"cameraMode":{"drawMode":0,"name":"Shaded","section":"Shading Mode"},"sceneLighting":false,"audioPlay":false,"sceneViewState":{"showFog":true,"showMaterialUpdate":false,"showSkybox":true,"showFlares":true,"showImageEffects":true,"showParticleSystems":true},"in2DMode":false,"pivot":{"x":0.0,"y":-0.04999999329447746,"z":0.10000002384185791},"rotation":{"x":0.20105183124542237,"y":-0.2554069757461548,"z":0.054390616714954379,"w":0.9441624283790588},"size":3.7371695041656496,"orthographic":false}