{"cameraMode":{"drawMode":0,"name":"Shaded","section":"Shading Mode"},"sceneLighting":false,"audioPlay":false,"sceneViewState":{"showFog":true,"showMaterialUpdate":false,"showSkybox":true,"showFlares":true,"showImageEffects":true,"showParticleSystems":true},"in2DMode":false,"pivot":{"x":0.06465709954500199,"y":0.48736143112182619,"z":3.2455737590789797},"rotation":{"x":0.07856113463640213,"y":-0.0801633819937706,"z":0.006337367929518223,"w":0.9936645030975342},"size":3.047943353652954,"orthographic":false}