{"cameraMode":{"drawMode":0,"name":"Shaded","section":"Shading Mode"},"sceneLighting":false,"audioPlay":false,"sceneViewState":{"showFog":true,"showMaterialUpdate":false,"showSkybox":true,"showFlares":true,"showImageEffects":true,"showParticleSystems":true},"in2DMode":false,"pivot":{"x":0.0,"y":-0.04999999701976776,"z":0.10000002384185791},"rotation":{"x":0.2459374964237213,"y":-0.3347039818763733,"z":0.09094929695129395,"w":0.9051400423049927},"size":7.468873023986816,"orthographic":false}