{"cameraMode":{"drawMode":0,"name":"Shaded","section":"Shading Mode"},"sceneLighting":false,"audioPlay":false,"sceneViewState":{"showFog":true,"showMaterialUpdate":false,"showSkybox":true,"showFlares":true,"showImageEffects":true,"showParticleSystems":true},"in2DMode":false,"pivot":{"x":1.9499999284744263,"y":0.30000001192092898,"z":2.9499998092651369},"rotation":{"x":0.3523175120353699,"y":-0.39990442991256716,"z":0.16998273134231568,"w":0.8289322257041931},"size":2.9051260948181154,"orthographic":false}