{"cameraMode":{"drawMode":0,"name":"Shaded","section":"Shading Mode"},"sceneLighting":false,"audioPlay":false,"sceneViewState":{"showFog":true,"showMaterialUpdate":false,"showSkybox":true,"showFlares":true,"showImageEffects":true,"showParticleSystems":true},"in2DMode":false,"pivot":{"x":0.2174999713897705,"y":1.4887499809265137,"z":0.7499998211860657},"rotation":{"x":0.3536875545978546,"y":-0.31357619166374209,"z":0.12718485295772553,"w":0.8720515966415405},"size":8.857017517089844,"orthographic":false}