{"cameraMode":{"drawMode":0,"name":"Shaded","section":"Shading Mode"},"sceneLighting":true,"audioPlay":false,"sceneViewState":{"showFog":true,"showMaterialUpdate":false,"showSkybox":true,"showFlares":true,"showImageEffects":true,"showParticleSystems":true},"in2DMode":false,"pivot":{"x":1.4529321193695069,"y":1.0789021253585816,"z":0.3381386399269104},"rotation":{"x":0.18454039096832276,"y":-0.05550128221511841,"z":0.010429512709379197,"w":0.9812309145927429},"size":3.714590311050415,"orthographic":false}