{"cameraMode":{"drawMode":0,"name":"Shaded","section":"Shading Mode"},"sceneLighting":false,"audioPlay":false,"sceneViewState":{"showFog":true,"showMaterialUpdate":false,"showSkybox":true,"showFlares":true,"showImageEffects":true,"showParticleSystems":true},"in2DMode":false,"pivot":{"x":3.8000001907348635,"y":0.5000001192092896,"z":2.669999837875366},"rotation":{"x":0.13073410093784333,"y":-0.6522383093833923,"z":0.11558682471513748,"w":0.7376830577850342},"size":2.824345588684082,"orthographic":false}