{"cameraMode":{"drawMode":0,"name":"Shaded","section":"Shading Mode"},"sceneLighting":true,"audioPlay":false,"sceneViewState":{"showFog":true,"showMaterialUpdate":false,"showSkybox":true,"showFlares":true,"showImageEffects":true,"showParticleSystems":true},"in2DMode":false,"pivot":{"x":-0.9907146096229553,"y":0.11017990112304688,"z":0.6071844100952148},"rotation":{"x":-0.03293878585100174,"y":0.9238219857215881,"z":-0.3726333975791931,"w":-0.08174107223749161},"size":14.074764251708985,"orthographic":false}