{"cameraMode":{"drawMode":0,"name":"Shaded","section":"Shading Mode"},"sceneLighting":true,"audioPlay":false,"sceneViewState":{"showFog":true,"showMaterialUpdate":false,"showSkybox":true,"showFlares":true,"showImageEffects":true,"showParticleSystems":true},"in2DMode":false,"pivot":{"x":2.9802322387695315e-8,"y":0.5500001311302185,"z":0.0},"rotation":{"x":0.3887549936771393,"y":0.011050761677324772,"z":-0.004663786850869656,"w":0.9212659001350403},"size":6.544845104217529,"orthographic":false}