{"cameraMode":{"drawMode":0,"name":"Shaded","section":"Shading Mode"},"sceneLighting":true,"audioPlay":false,"sceneViewState":{"showFog":true,"showMaterialUpdate":false,"showSkybox":true,"showFlares":true,"showImageEffects":true,"showParticleSystems":true},"in2DMode":false,"pivot":{"x":2.9802322387695315e-8,"y":0.5500001311302185,"z":0.0},"rotation":{"x":0.004073436371982098,"y":0.9813533425331116,"z":-0.1910848170518875,"w":0.020905345678329469},"size":3.936413049697876,"orthographic":false}