{"cameraMode":{"drawMode":0,"name":"Shaded","section":"Shading Mode"},"sceneLighting":true,"audioPlay":false,"sceneViewState":{"showFog":true,"showMaterialUpdate":false,"showSkybox":true,"showFlares":true,"showImageEffects":true,"showParticleSystems":true},"in2DMode":false,"pivot":{"x":4.0217790603637699,"y":2.0947256088256838,"z":5.037294387817383},"rotation":{"x":-0.24328966438770295,"y":-0.3516688644886017,"z":0.09517692029476166,"w":-0.898933470249176},"size":22.00727081298828,"orthographic":false}